{"cameraMode":{"drawMode":0,"name":"Shaded","section":"Shading Mode"},"sceneLighting":false,"audioPlay":false,"sceneViewState":{"showFog":true,"showMaterialUpdate":true,"showSkybox":false,"showFlares":true,"showImageEffects":true,"showParticleSystems":true},"in2DMode":false,"pivot":{"x":5.960464477539063e-7,"y":0.7394314408302307,"z":0.16328883171081544},"rotation":{"x":-0.07127668708562851,"y":0.7607764005661011,"z":-0.08479484915733338,"w":-0.6394943594932556},"size":4.615632057189941,"orthographic":true}