{"cameraMode":{"drawMode":0,"name":"Shaded","section":"Shading Mode"},"sceneLighting":true,"audioPlay":false,"sceneViewState":{"showFog":true,"showMaterialUpdate":true,"showSkybox":true,"showFlares":true,"showImageEffects":true,"showParticleSystems":true},"in2DMode":false,"pivot":{"x":0.0,"y":2.4000000953674318,"z":213.9199981689453},"rotation":{"x":0.0001655284722801298,"y":-0.9996888041496277,"z":0.02399715781211853,"w":0.006896232254803181},"size":0.8660283088684082,"orthographic":false}