{"cameraMode":{"drawMode":0,"name":"Shaded","section":"Shading Mode"},"sceneLighting":true,"audioPlay":false,"sceneViewState":{"showFog":true,"showMaterialUpdate":true,"showSkybox":true,"showFlares":true,"showImageEffects":true,"showParticleSystems":true},"in2DMode":false,"pivot":{"x":-22.352323532104493,"y":1.4037485122680665,"z":128.0},"rotation":{"x":0.03528401255607605,"y":-0.8265599012374878,"z":0.05214207246899605,"w":0.5593224167823792},"size":25.005924224853517,"orthographic":true}