{"cameraMode":{"drawMode":0,"name":"Shaded","section":"Shading Mode"},"sceneLighting":true,"audioPlay":false,"sceneViewState":{"showFog":true,"showMaterialUpdate":true,"showSkybox":true,"showFlares":true,"showImageEffects":true,"showParticleSystems":true},"in2DMode":false,"pivot":{"x":0.5,"y":3.180000066757202,"z":98.76000213623047},"rotation":{"x":0.12953446805477143,"y":-0.004744069185107946,"z":0.0006199358613230288,"w":0.9915738105773926},"size":28.591304779052736,"orthographic":false}