{"cameraMode":{"drawMode":0,"name":"Shaded","section":"Shading Mode"},"sceneLighting":false,"audioPlay":false,"sceneViewState":{"showFog":true,"showMaterialUpdate":true,"showSkybox":false,"showFlares":true,"showImageEffects":true,"showParticleSystems":true},"in2DMode":false,"pivot":{"x":19.436817169189454,"y":-12.159563064575196,"z":-21.42223358154297},"rotation":{"x":-0.17902609705924989,"y":-0.006796238478273153,"z":0.0012386752059683204,"w":-0.9838256239891052},"size":4.466028213500977,"orthographic":false}