{"cameraMode":{"drawMode":0,"name":"Shaded","section":"Shading Mode"},"sceneLighting":false,"audioPlay":false,"sceneViewState":{"showFog":true,"showMaterialUpdate":true,"showSkybox":false,"showFlares":true,"showImageEffects":true,"showParticleSystems":true},"in2DMode":false,"pivot":{"x":15.220816612243653,"y":-11.07956314086914,"z":-26.62061882019043},"rotation":{"x":-0.17902609705924989,"y":-0.006796238478273153,"z":0.0012386752059683204,"w":-0.9838256239891052},"size":1.4958035945892335,"orthographic":false}