{"cameraMode":{"drawMode":0,"name":"Shaded","section":"Shading Mode"},"sceneLighting":false,"audioPlay":false,"sceneViewState":{"showFog":true,"showMaterialUpdate":true,"showSkybox":false,"showFlares":true,"showImageEffects":true,"showParticleSystems":true},"in2DMode":false,"pivot":{"x":13.014750480651856,"y":-9.573614120483399,"z":-28.075048446655275},"rotation":{"x":-0.1834268569946289,"y":-0.47551608085632326,"z":0.10209932923316956,"w":-0.854299008846283},"size":6.889790058135986,"orthographic":false}