{"cameraMode":{"drawMode":0,"name":"Shaded","section":"Shading Mode"},"sceneLighting":true,"audioPlay":false,"sceneViewState":{"showFog":true,"showMaterialUpdate":true,"showSkybox":true,"showFlares":true,"showImageEffects":true,"showParticleSystems":true},"in2DMode":false,"pivot":{"x":0.5,"y":0.40000009536743166,"z":141.89999389648438},"rotation":{"x":0.004468931816518307,"y":-0.9946288466453552,"z":0.0912635400891304,"w":0.048991236835718158},"size":16.3712100982666,"orthographic":false}