{"cameraMode":{"drawMode":0,"name":"Shaded","section":"Shading Mode"},"sceneLighting":false,"audioPlay":false,"sceneViewState":{"showFog":true,"showMaterialUpdate":true,"showSkybox":false,"showFlares":true,"showImageEffects":true,"showParticleSystems":true},"in2DMode":false,"pivot":{"x":5.960464477539063e-8,"y":0.09358322620391846,"z":-0.02348819002509117},"rotation":{"x":-0.11357638239860535,"y":0.05540531128644943,"z":-0.006343914195895195,"w":-0.9919647574424744},"size":0.19430212676525117,"orthographic":true}