{"cameraMode":{"drawMode":0,"name":"Shaded","section":"Shading Mode"},"sceneLighting":true,"audioPlay":false,"sceneViewState":{"showFog":true,"showMaterialUpdate":true,"showSkybox":true,"showFlares":true,"showImageEffects":true,"showParticleSystems":true},"in2DMode":false,"pivot":{"x":-9.943403244018555,"y":20.785057067871095,"z":182.57037353515626},"rotation":{"x":0.01170631218701601,"y":-0.988289475440979,"z":0.10535326600074768,"w":0.10986513644456864},"size":10.0,"orthographic":false}