{"cameraMode":{"drawMode":0,"name":"Shaded","section":"Shading Mode"},"sceneLighting":false,"audioPlay":false,"sceneViewState":{"showFog":true,"showMaterialUpdate":true,"showSkybox":false,"showFlares":true,"showImageEffects":true,"showParticleSystems":true},"in2DMode":false,"pivot":{"x":19.191326141357423,"y":-11.019968032836914,"z":-19.348234176635743},"rotation":{"x":-0.16677598655223847,"y":-0.5199042558670044,"z":0.10431040823459625,"w":-0.8312763571739197},"size":4.9176344871521,"orthographic":false}