{"cameraMode":{"drawMode":0,"name":"Shaded","section":"Shading Mode"},"sceneLighting":false,"audioPlay":false,"sceneViewState":{"showFog":true,"showMaterialUpdate":true,"showSkybox":false,"showFlares":true,"showImageEffects":true,"showParticleSystems":true},"in2DMode":false,"pivot":{"x":17.576107025146486,"y":-11.901898384094239,"z":-21.42904281616211},"rotation":{"x":-0.17440517246723176,"y":-0.046662479639053348,"z":0.008277404122054577,"w":-0.9835403561592102},"size":4.317634105682373,"orthographic":false}