{"cameraMode":{"drawMode":0,"name":"Shaded","section":"Shading Mode"},"sceneLighting":false,"audioPlay":false,"sceneViewState":{"showFog":true,"showMaterialUpdate":true,"showSkybox":false,"showFlares":true,"showImageEffects":true,"showParticleSystems":true},"in2DMode":false,"pivot":{"x":4.699999809265137,"y":-0.3120025396347046,"z":-1.8456155061721802},"rotation":{"x":-0.07127668708562851,"y":0.7607764005661011,"z":-0.08479484915733338,"w":-0.6394943594932556},"size":1.0050272941589356,"orthographic":true}