{"cameraMode":{"drawMode":0,"name":"Shaded","section":"Shading Mode"},"sceneLighting":false,"audioPlay":false,"sceneViewState":{"showFog":true,"showMaterialUpdate":true,"showSkybox":false,"showFlares":true,"showImageEffects":true,"showParticleSystems":true},"in2DMode":false,"pivot":{"x":0.08600853383541107,"y":0.40282633900642397,"z":0.06596682965755463},"rotation":{"x":-0.13603848218917848,"y":-0.02348119579255581,"z":0.003225032240152359,"w":-0.990421712398529},"size":3.0442168712615969,"orthographic":true}