{"cameraMode":{"drawMode":0,"name":"Shaded","section":"Shading Mode"},"sceneLighting":false,"audioPlay":false,"sceneViewState":{"showFog":true,"showMaterialUpdate":true,"showSkybox":false,"showFlares":true,"showImageEffects":true,"showParticleSystems":true},"in2DMode":false,"pivot":{"x":12.599708557128907,"y":-10.482938766479493,"z":-30.916189193725587},"rotation":{"x":-0.21811342239379884,"y":-0.07253991067409516,"z":0.01626041904091835,"w":-0.9730940461158752},"size":1.6943013668060303,"orthographic":false}