{"cameraMode":{"drawMode":0,"name":"Shaded","section":"Shading Mode"},"sceneLighting":false,"audioPlay":false,"sceneViewState":{"showFog":true,"showMaterialUpdate":true,"showSkybox":false,"showFlares":true,"showImageEffects":true,"showParticleSystems":true},"in2DMode":false,"pivot":{"x":10.056815147399903,"y":-11.880131721496582,"z":-21.079906463623048},"rotation":{"x":-0.17902609705924989,"y":-0.006796238478273153,"z":0.0012386752059683204,"w":-0.9838256239891052},"size":2.5058560371398927,"orthographic":false}