{"cameraMode":{"drawMode":0,"name":"Shaded","section":"Shading Mode"},"sceneLighting":false,"audioPlay":false,"sceneViewState":{"showFog":true,"showMaterialUpdate":true,"showSkybox":false,"showFlares":true,"showImageEffects":true,"showParticleSystems":true},"in2DMode":false,"pivot":{"x":-2.7569937705993654,"y":1.649999976158142,"z":-3.619999885559082},"rotation":{"x":0.1089692935347557,"y":0.07507754117250443,"z":-0.008254029788076878,"w":0.9911722540855408},"size":0.866025447845459,"orthographic":false}