{"cameraMode":{"drawMode":0,"name":"Shaded","section":"Shading Mode"},"sceneLighting":false,"audioPlay":false,"sceneViewState":{"showFog":true,"showMaterialUpdate":true,"showSkybox":false,"showFlares":true,"showImageEffects":true,"showParticleSystems":true},"in2DMode":false,"pivot":{"x":7.730937957763672,"y":-15.211191177368164,"z":-27.85787582397461},"rotation":{"x":0.011284612119197846,"y":-0.9838920831680298,"z":0.16534852981567384,"w":0.06711766123771668},"size":11.997978210449219,"orthographic":false}