{"cameraMode":{"drawMode":0,"name":"Shaded","section":"Shading Mode"},"sceneLighting":false,"audioPlay":false,"sceneViewState":{"showFog":true,"showMaterialUpdate":true,"showSkybox":false,"showFlares":true,"showImageEffects":true,"showParticleSystems":true},"in2DMode":false,"pivot":{"x":2.319999933242798,"y":-0.13999998569488526,"z":-1.8456153869628907},"rotation":{"x":-0.07127668708562851,"y":0.7607764005661011,"z":-0.08479484915733338,"w":-0.6394943594932556},"size":0.8008823990821838,"orthographic":true}