{"cameraMode":{"drawMode":0,"name":"Shaded","section":"Shading Mode"},"sceneLighting":false,"audioPlay":false,"sceneViewState":{"showFog":true,"showMaterialUpdate":true,"showSkybox":false,"showFlares":true,"showImageEffects":true,"showParticleSystems":true},"in2DMode":false,"pivot":{"x":0.48399999737739565,"y":0.7400000095367432,"z":-7.044000148773193},"rotation":{"x":-0.07127668708562851,"y":0.7607764005661011,"z":-0.08479484915733338,"w":-0.6394943594932556},"size":1.0107601881027222,"orthographic":true}