{"cameraMode":{"drawMode":0,"name":"Shaded","section":"Shading Mode"},"sceneLighting":false,"audioPlay":false,"sceneViewState":{"showFog":true,"showMaterialUpdate":true,"showSkybox":false,"showFlares":true,"showImageEffects":true,"showParticleSystems":true},"in2DMode":false,"pivot":{"x":0.08600853383541107,"y":0.40282633900642397,"z":0.06596682965755463},"rotation":{"x":-0.00006894144462421536,"y":-0.9998974204063416,"z":0.013499422930181027,"w":-0.005092162638902664},"size":3.0442168712615969,"orthographic":true}